[
    {
        "answer": "yes i am a sigma",
        "question": "sigma"
    },
    {
        "answer": "SI base quantities",
        "question": "si base quantities"
    },
    {
        "answer": "I am fine ",
        "question": "how are you "
    },
    {
        "answer": "Concepts in metaphysics",
        "question": "concepts in metaphysics"
    },
    {
        "answer": "Kubernetes is an open-source system for automating the deployment and management of containerized applications.",
        "question": "what is kubernetes"
    },
    {
        "answer": "X32 ABI - The x32 ABI is an application binary interface and one of the interfaces of the Linux kernel. It allows programs to take advantage of the benefits of x86-64 instruction set while using 32-bit pointers and thus avoiding the overhead of 64-bit pointers.",
        "question": "x32 abi  the x32 abi is an application binary interface and one of the interfaces of the linux kernel it allows programs to take advantage of the benefits of x8664 instruction set while using 32bit pointers and thus avoiding the overhead of 64bit pointers"
    },
    {
        "answer": "Functional programming treats computation as the evaluation of mathematical functions without changing state.",
        "question": "what is functional programming"
    },
    {
        "answer": "An IDE is an Integrated Development Environment that provides tools to develop software.",
        "question": "what is an ide"
    },
    {
        "answer": "The internet is a global network connecting millions of private, public, academic, business, and government networks.",
        "question": "what is the internet"
    },
    {
        "answer": "A function is a block of code designed to perform a specific task.",
        "question": "what is a function"
    },
    {
        "answer": "Python is an interpreted, high-level language known for its readability and ease of use.",
        "question": "what is python"
    },
    {
        "answer": "Adobe Illustrator A vector graphics editor and design software developed and marketed by Adobe.",
        "question": "adobe illustrator a vector graphics editor and design software developed and marketed by adobe"
    },
    {
        "answer": "Storytelling is the art of conveying a narrative through words, images, or sounds.",
        "question": "what is storytelling"
    },
    {
        "answer": "NoSQL databases are designed for large-scale data storage that does not require a fixed schema.",
        "question": "what is nosql"
    },
    {
        "answer": "A mentor is an experienced advisor who helps guide someone’s career or personal growth.",
        "question": "what is a mentor"
    },
    {
        "answer": "A loop repeatedly executes a block of code until a condition is met.",
        "question": "what is a loop"
    },
    {
        "answer": "A REST API allows communication between systems using standard HTTP methods.",
        "question": "what is a rest api"
    },
    {
        "answer": "Digital marketing is the promotion of products or brands through digital channels.",
        "question": "what is digital marketing"
    },
    {
        "answer": "Self-improvement is the process of actively improving oneself through learning and personal growth.",
        "question": "what is selfimprovement"
    },
    {
        "answer": "Object-based programming languages",
        "question": "objectbased programming languages"
    },
    {
        "answer": "Reality",
        "question": "reality"
    },
    {
        "answer": "In internet culture, brain rot describes internet content deemed to be of low quality or value, or the supposed negative psychological and cognitive effects caused by it. The term also more broadly refers to the deleterious effects associated with excessive use of digital media in general, especially short-form entertainment and doomscrolling, which may affect mental health. The term originated within the online cultures of Generation Z and Generation Alpha and has since become mainstream.",
        "question": "brain rot"
    },
    {
        "answer": "Ontology",
        "question": "ontology"
    },
    {
        "answer": "Computer companies of the United States",
        "question": "computer companies of the united states"
    },
    {
        "answer": "It is a paradigm based on the concept of objects that contain data and methods.",
        "question": "what is objectoriented programming"
    },
    {
        "answer": "Web programming",
        "question": "web programming"
    },
    {
        "answer": "A smart contract is a self-executing contract with the terms directly written into code.",
        "question": "what is a smart contract"
    },
    {
        "answer": "XML is a markup language that defines a set of rules for encoding documents.",
        "question": "what is xml"
    },
    {
        "answer": "JSON is a lightweight data-interchange format that is easy for humans to read and write.",
        "question": "what is json"
    },
    {
        "answer": "A sprint is a fixed period during which a set amount of work is completed.",
        "question": "what is a sprint in agile"
    },
    {
        "answer": "Dynamically typed programming languages",
        "question": "dynamically typed programming languages"
    },
    {
        "answer": "Recursion is a method where a function calls itself to solve a problem.",
        "question": "what is recursion"
    },
    {
        "answer": "Linux Foundation projects",
        "question": "linux foundation projects"
    },
    {
        "answer": "My name is ChatBot.",
        "question": "what is your name"
    },
    {
        "answer": "Create a schedule that balances work, exercise, and leisure.",
        "question": "how do i develop a daily routine"
    },
    {
        "answer": "Chronometrophilia (Switzerland).",
        "question": "chronometrophilia switzerland"
    },
    {
        "answer": "Practice consistently, learn new languages, and review code written by experienced developers.",
        "question": "how do i become a better programmer"
    },
    {
        "answer": "Time metrology - Time metrology or time and frequency metrology is the application of metrology for time keeping, including frequency stability.",
        "question": "time metrology  time metrology or time and frequency metrology is the application of metrology for time keeping including frequency stability"
    },
    {
        "answer": "Social media platforms allow users to create and share content, and to interact with others.",
        "question": "what is social media"
    },
    {
        "answer": "Full-stack development covers both frontend and backend aspects.",
        "question": "what is fullstack development"
    },
    {
        "answer": "A framework provides a standard way to build and deploy applications.",
        "question": "what is a framework in programming"
    },
    {
        "answer": "Jiangsu An eastern coastal province of the People's Republic of China.",
        "question": "jiangsu an eastern coastal province of the peoples republic of china"
    },
    {
        "answer": "Python (programming language) A high-level, general-purpose programming language.",
        "question": "python programming language a highlevel generalpurpose programming language"
    },
    {
        "answer": "Engineering (Scientific Research Publishing journal) Predatory journal.",
        "question": "engineering scientific research publishing journal predatory journal"
    },
    {
        "answer": "Deep learning is a subset of machine learning that uses neural networks with many layers.",
        "question": "what is deep learning"
    },
    {
        "answer": "Instruction set architectures",
        "question": "instruction set architectures"
    },
    {
        "answer": "X86 architecture",
        "question": "x86 architecture"
    },
    {
        "answer": "A library is a collection of precompiled routines that a program can use.",
        "question": "what is a library in programming"
    },
    {
        "answer": "Free software programmed in C++",
        "question": "free software programmed in c"
    },
    {
        "answer": "Free software programmed in JavaScript",
        "question": "free software programmed in javascript"
    },
    {
        "answer": "Internet (web browser) A mobile web browser made by Amazon. It is aimed at India and other emerging markets.",
        "question": "internet web browser a mobile web browser made by amazon it is aimed at india and other emerging markets"
    },
    {
        "answer": "x86-64 - x86-64 is the 64-bit version of the x86 instruction set. It introduces two new modes of operation, 64-bit mode and compatibility mode, along with a new 4-level paging mode.",
        "question": "x8664  x8664 is the 64bit version of the x86 instruction set it introduces two new modes of operation 64bit mode and compatibility mode along with a new 4level paging mode"
    },
    {
        "answer": "Functional languages",
        "question": "functional languages"
    },
    {
        "answer": "JavaScript, often abbreviated as JS, is a programming language and core technology of the World Wide Web, alongside HTML and CSS. Ninety-nine percent of websites use JavaScript on the client side for webpage behavior. Web browsers have a dedicated JavaScript engine that executes the client code. These engines are also utilized in some servers and a variety of apps. The most popular runtime system for non-browser usage is Node.js. JavaScript is a high-level, often just-in-time compiled language that conforms to the ECMAScript standard. It has dynamic typing, prototype-based object-orientation, and first-class functions. It is multi-paradigm, supporting event-driven, functional, and imperative programming styles. It has application programming interfaces for working with text, dates, regular expressions, standard data structures, and the Document Object Model. The ECMAScript standard does not include any input/output, such as networking, storage, or graphics facilities.",
        "question": "javascript"
    },
    {
        "answer": "Networking hardware companies",
        "question": "networking hardware companies"
    },
    {
        "answer": "A podcast is a digital audio file available for streaming or download.",
        "question": "what is a podcast"
    },
    {
        "answer": "Manufacturing companies based in San Diego",
        "question": "manufacturing companies based in san diego"
    },
    {
        "answer": "It involves examining large and varied data sets to uncover hidden patterns and insights.",
        "question": "what is big data analytics"
    },
    {
        "answer": "Software using the MIT license",
        "question": "software using the mit license"
    },
    {
        "answer": "Time management involves organizing your time efficiently to achieve your goals.",
        "question": "what is time management"
    },
    {
        "answer": "Engineering (magazine) A monthly British magazine founded in 1865.",
        "question": "engineering magazine a monthly british magazine founded in 1865"
    },
    {
        "answer": "Develop characters, establish conflict, and structure your plot logically.",
        "question": "how do i build a narrative"
    },
    {
        "answer": "Git is a distributed version control system for tracking code changes.",
        "question": "what is git"
    },
    {
        "answer": "Qualcomm Hexagon - Hexagon is the brand name for a family of digital signal processor products by Qualcomm. Hexagon is also known as QDSP6, standing for \"sixth generation digital signal processor.\"",
        "question": "qualcomm hexagon  hexagon is the brand name for a family of digital signal processor products by qualcomm hexagon is also known as qdsp6 standing for sixth generation digital signal processor"
    },
    {
        "answer": "It is the process of designing, coding, testing, and maintaining software.",
        "question": "what is software development"
    },
    {
        "answer": "Artificial intelligence is the simulation of human intelligence in machines.",
        "question": "what is ai"
    },
    {
        "answer": "IBM PC compatibles",
        "question": "ibm pc compatibles"
    },
    {
        "answer": "680x0 , a competing architecture in the 16 & early 32bit eras.",
        "question": "680x0  a competing architecture in the 16  early 32bit eras"
    },
    {
        "answer": "x86-64 is the 64-bit version of the x86 instruction set. It introduces two new modes of operation, 64-bit mode and compatibility mode, along with a new 4-level paging mode. With 64-bit mode and the new paging mode, it supports vastly larger amounts of virtual memory and physical memory than is possible on its 32-bit predecessors, allowing programs to store larger amounts of data in memory. x86-64 also expands general-purpose registers to 64-bit, as well extends the number of them from 8 to 16, and provides numerous other enhancements. Floating point operations are supported via mandatory SSE2-like instructions, and x87/MMX style registers are generally not used; instead, a set of 32 vector registers, 128 bits each, is used. In 64-bit mode, instructions are modified to support 64-bit operands and 64-bit addressing mode. The compatibility mode allows 16- and 32-bit user applications to run unmodified coexisting with 64-bit applications if the 64-bit operating system supports them.",
        "question": "x8664"
    },
    {
        "answer": "Out of print An out-of-print or out-of-commerce item or work is something that is no longer being published.",
        "question": "out of print an outofprint or outofcommerce item or work is something that is no longer being published"
    },
    {
        "answer": "Big data refers to extremely large data sets that may be analyzed computationally to reveal patterns.",
        "question": "what is big data"
    },
    {
        "answer": "Responsive design ensures that web content adapts to different screen sizes and devices.",
        "question": "what is responsive design"
    },
    {
        "answer": "Set clear goals, break tasks into smaller steps, and celebrate small victories along the way.",
        "question": "how do i stay motivated"
    },
    {
        "answer": "Continuous deployment automatically deploys code changes to production after passing tests.",
        "question": "what is continuous deployment"
    },
    {
        "answer": "JavaScript A programming language and core technology of the World Wide Web, alongside HTML and CSS. As of...",
        "question": "javascript a programming language and core technology of the world wide web alongside html and css as of"
    },
    {
        "answer": "A database is an organized collection of data that can be easily accessed and managed.",
        "question": "what is a database"
    },
    {
        "answer": "Order of operations A collection of rules that reflect conventions about which procedures to perform first in order...",
        "question": "order of operations a collection of rules that reflect conventions about which procedures to perform first in order"
    },
    {
        "answer": "Virtual reality is an immersive, computer-generated environment that simulates a realistic experience.",
        "question": "what is virtual reality"
    },
    {
        "answer": "A data structure organizes and stores data for efficient access and modification.",
        "question": "what is a data structure"
    },
    {
        "answer": "Web development involves creating and maintaining websites.",
        "question": "what is web development"
    },
    {
        "answer": "Concepts in epistemology",
        "question": "concepts in epistemology"
    },
    {
        "answer": "Node.js is a cross-platform, open-source JavaScript runtime environment that can run on Windows, Linux, Unix, macOS, and more. Node.js runs on the V8 JavaScript engine, and executes JavaScript code outside a web browser. Node.js lets developers use JavaScript to write command line tools and for server-side scripting. The ability to run JavaScript code on the server is often used to generate dynamic web page content before the page is sent to the user's web browser. Consequently, Node.js represents a \"JavaScript everywhere\" paradigm, unifying web-application development around a single programming language, as opposed to using different languages for the server- versus client-side programming. Node.js has an event-driven architecture capable of asynchronous I/O. These design choices aim to optimize throughput and scalability in web applications with many input/output operations, as well as for real-time Web applications.",
        "question": "nodejs"
    },
    {
        "answer": "A variable is a storage location with a symbolic name that holds a value.",
        "question": "what is a variable in programming"
    },
    {
        "answer": "Information technology companies of the United States",
        "question": "information technology companies of the united states"
    },
    {
        "answer": "Start with beginner-friendly tutorials and practice by building small projects.",
        "question": "how do i learn to code"
    },
    {
        "answer": "Python (missile) A family of air-to-air missiles built by the Israeli weapons manufacturer Rafael Advanced Defense...",
        "question": "python missile a family of airtoair missiles built by the israeli weapons manufacturer rafael advanced defense"
    },
    {
        "answer": "It is a method of design that organizes software around objects rather than functions.",
        "question": "what is objectoriented design"
    },
    {
        "answer": "High-level programming languages",
        "question": "highlevel programming languages"
    },
    {
        "answer": "Display technology companies",
        "question": "display technology companies"
    },
    {
        "answer": "Mindfulness is being fully present and aware of the moment.",
        "question": "what is mindfulness"
    },
    {
        "answer": "Graphics hardware companies",
        "question": "graphics hardware companies"
    },
    {
        "answer": "JavaScript libraries",
        "question": "javascript libraries"
    },
    {
        "answer": "Internet The global system of interconnected computer networks that uses the Internet protocol suite to...",
        "question": "internet the global system of interconnected computer networks that uses the internet protocol suite to"
    },
    {
        "answer": "Joyent",
        "question": "joyent"
    },
    {
        "answer": "Networking is building relationships with others for professional or personal development.",
        "question": "what is networking"
    },
    {
        "answer": "Sainsbury's A British supermarket and the second largest chain of supermarkets in the United Kingdom, with a...",
        "question": "sainsburys a british supermarket and the second largest chain of supermarkets in the united kingdom with a"
    },
    {
        "answer": "JavaScript Category",
        "question": "javascript category"
    },
    {
        "answer": "A microservice is a small, independent service that performs a single function in a larger application.",
        "question": "what is a microservice"
    },
    {
        "answer": "The Internet (band) An American alternative R&B and soul band from Los Angeles, California.",
        "question": "the internet band an american alternative rb and soul band from los angeles california"
    },
    {
        "answer": "Internet protocol suite A framework for organizing the set of communication protocols used in the Internet and similar...",
        "question": "internet protocol suite a framework for organizing the set of communication protocols used in the internet and similar"
    },
    {
        "answer": "Editing is the process of reviewing and refining written content for clarity and accuracy.",
        "question": "what is editing"
    },
    {
        "answer": "A startup is a company designed for rapid growth, often in innovative fields.",
        "question": "what is a startup"
    },
    {
        "answer": "Arm In human anatomy, the arm refers to the upper limb in common usage, although academically the...",
        "question": "arm in human anatomy the arm refers to the upper limb in common usage although academically the"
    },
    {
        "answer": "Poetry uses rhythmic and aesthetic language to evoke emotions and ideas.",
        "question": "what is poetry"
    },
    {
        "answer": "Qualcomm Incorporated is an American multinational corporation headquartered in San Diego, California, and incorporated in Delaware. It creates semiconductors, software and services related to wireless technology. It owns patents critical to the 5G, 4G, CDMA2000, TD-SCDMA and WCDMA mobile communications standards. Qualcomm was established in 1985 by Irwin Jacobs and six other co-founders. Its early research into CDMA wireless cell phone technology was funded by selling a two-way mobile digital satellite communications system known as Omnitracs. After a heated debate in the wireless industry, CDMA was adopted as a 2G standard in North America, with Qualcomm's patents incorporated. Afterwards, there was a series of legal disputes about pricing for licensing patents required by the standard. Over the years, Qualcomm has expanded into selling semiconductor products in a predominantly fabless manufacturing model.",
        "question": "qualcomm"
    },
    {
        "answer": "API stands for Application Programming Interface, which allows software applications to interact with each other.",
        "question": "what is an api"
    },
    {
        "answer": "\"Internets \" A Bushism-turned catchphrase used humorously to portray the speaker as ignorant about the...",
        "question": "internets  a bushismturned catchphrase used humorously to portray the speaker as ignorant about the"
    },
    {
        "answer": "Telecommunications equipment vendors",
        "question": "telecommunications equipment vendors"
    },
    {
        "answer": "Cloud computing delivers computing services over the internet on a pay-as-you-go basis.",
        "question": "what is cloud computing"
    },
    {
        "answer": "Continuous integration is the practice of merging all developer working copies to a shared mainline several times a day.",
        "question": "what is continuous integration"
    },
    {
        "answer": "Mathematics A field of study that discovers and organizes methods, theories and theorems that are developed...",
        "question": "mathematics a field of study that discovers and organizes methods theories and theorems that are developed"
    },
    {
        "answer": "Entrepreneurship is the process of starting and running a new business.",
        "question": "what is entrepreneurship"
    },
    {
        "answer": "CPUID - In the x86 architecture, the CPUID instruction is a processor supplementary instruction allowing software to discover details of the processor. It was introduced by Intel in 1993 when it introduced the Pentium and SL-enhanced 486 processors.",
        "question": "cpuid  in the x86 architecture the cpuid instruction is a processor supplementary instruction allowing software to discover details of the processor it was introduced by intel in 1993 when it introduced the pentium and slenhanced 486 processors"
    },
    {
        "answer": "Blockchain is a decentralized, distributed ledger that records transactions across many computers.",
        "question": "what is blockchain"
    },
    {
        "answer": "Engineering (journal) Engineering is peer-reviewed open access academic journal of engineering launched in 2015 by the...",
        "question": "engineering journal engineering is peerreviewed open access academic journal of engineering launched in 2015 by the"
    },
    {
        "answer": "Date and time representation by country - Different conventions exist around the world for date and time representation, both written and spoken.",
        "question": "date and time representation by country  different conventions exist around the world for date and time representation both written and spoken"
    },
    {
        "answer": "DevOps is a set of practices that combines software development and IT operations.",
        "question": "what is devops"
    },
    {
        "answer": "Algorithms are step-by-step procedures for solving problems or performing tasks.",
        "question": "what are algorithms"
    },
    {
        "answer": "Ethical hacking is testing systems for vulnerabilities to improve security.",
        "question": "what is ethical hacking"
    },
    {
        "answer": "Internet Co., Ltd. Internet Co., Ltd. or Internet, is a software company based in Osaka, Japan.",
        "question": "internet co ltd internet co ltd or internet is a software company based in osaka japan"
    },
    {
        "answer": "Internet terminology",
        "question": "internet terminology"
    },
    {
        "answer": "Concepts in aesthetics",
        "question": "concepts in aesthetics"
    },
    {
        "answer": "Monty Python A British comedy troupe formed in 1969 consisting of Graham Chapman, John Cleese, Terry Gilliam...",
        "question": "monty python a british comedy troupe formed in 1969 consisting of graham chapman john cleese terry gilliam"
    },
    {
        "answer": "A compiler translates source code into machine code.",
        "question": "what is a compiler"
    },
    {
        "answer": "Creative writing uses imagination to craft stories, poetry, or other narrative works.",
        "question": "what is creative writing"
    },
    {
        "answer": "Lifestyle refers to the way a person lives, including habits, values, and attitudes.",
        "question": "what is lifestyle"
    },
    {
        "answer": "Augmented reality integrates digital information with the user’s environment in real time.",
        "question": "what is augmented reality"
    },
    {
        "answer": "Techniques include exercise, meditation, and proper time management.",
        "question": "how do i manage stress"
    },
    {
        "answer": "Itanium - Itanium is a family of 64-bit Intel microprocessors that implement the Intel Itanium architecture. Intel marketed the processors for enterprise servers and high-performance computing systems. The Itanium architecture originated at Hewlett-Packard, and was later jointly developed by HP and Intel.",
        "question": "itanium  itanium is a family of 64bit intel microprocessors that implement the intel itanium architecture intel marketed the processors for enterprise servers and highperformance computing systems the itanium architecture originated at hewlettpackard and was later jointly developed by hp and intel"
    },
    {
        "answer": "Frontend development focuses on the user interface and user experience.",
        "question": "what is frontend development"
    },
    {
        "answer": "E-commerce refers to buying and selling goods and services online.",
        "question": "what is ecommerce"
    },
    {
        "answer": "Goal setting is identifying what you want to achieve and outlining steps to accomplish it.",
        "question": "what is goal setting"
    },
    {
        "answer": "Backend development deals with server-side logic, databases, and application integration.",
        "question": "what is backend development"
    },
    {
        "answer": "Programming languages",
        "question": "programming languages"
    },
    {
        "answer": "Matha A Sanskrit word that means 'institute or college', and it also refers to a monastery in Hinduism.",
        "question": "matha a sanskrit word that means institute or college and it also refers to a monastery in hinduism"
    },
    {
        "answer": "NLP is the field of AI that focuses on the interaction between computers and human language.",
        "question": "what is natural language processing"
    },
    {
        "answer": "Containerization packages software in a way that it can run reliably across different computing environments.",
        "question": "what is containerization"
    },
    {
        "answer": "Adreno - Adreno is a series of graphics processing unit semiconductor intellectual property cores developed by Qualcomm and used in many of their SoCs.",
        "question": "adreno  adreno is a series of graphics processing unit semiconductor intellectual property cores developed by qualcomm and used in many of their socs"
    },
    {
        "answer": "Physical phenomena",
        "question": "physical phenomena"
    },
    {
        "answer": "Engineering The use of scientific principles to design and build machines, structures, and other items...",
        "question": "engineering the use of scientific principles to design and build machines structures and other items"
    },
    {
        "answer": "Semiconductor companies of the United States",
        "question": "semiconductor companies of the united states"
    },
    {
        "answer": "Cybersecurity protects systems and networks from digital attacks.",
        "question": "what is cybersecurity"
    },
    {
        "answer": "x86 instruction listings - The x86 instruction set refers to the set of instructions that x86-compatible microprocessors support. The instructions are usually part of an executable program, often stored as a computer file and executed on the processor.",
        "question": "x86 instruction listings  the x86 instruction set refers to the set of instructions that x86compatible microprocessors support the instructions are usually part of an executable program often stored as a computer file and executed on the processor"
    },
    {
        "answer": "Cross-platform software",
        "question": "crossplatform software"
    },
    {
        "answer": "Object-oriented programming A programming paradigm based on the concept of \"objects\", which can contain data and code.",
        "question": "objectoriented programming a programming paradigm based on the concept of objects which can contain data and code"
    },
    {
        "answer": "x86 is a family of instruction set architectures initially developed by Intel based on the Intel 8086 microprocessor and its 8088 variant. The 8086 was introduced in 1978 as a fully 16-bit extension of Intel's 8-bit 8080 microprocessor, with memory segmentation as a solution for addressing more memory than can be covered by a plain 16-bit address. The term \"x86\" came into being because the names of several successors to Intel's 8086 processor end in \"86\", including the 80186, 80286, 80386 and 80486 processors. Many additions and extensions have been added to the x86 instruction set over the years, almost consistently with full backward compatibility. The architecture has been implemented in processors from Intel, Cyrix, AMD, VIA Technologies and many other companies; there are also open implementations, such as the Zet SoC platform.",
        "question": "x86"
    },
    {
        "answer": "Intranet A computer network for sharing information, easier communication, collaboration tools...",
        "question": "intranet a computer network for sharing information easier communication collaboration tools"
    },
    {
        "answer": "It is the equilibrium between professional responsibilities and personal life.",
        "question": "what is worklife balance"
    },
    {
        "answer": "Prioritize tasks, set goals, and use planning tools like calendars.",
        "question": "how do i improve my time management"
    },
    {
        "answer": "An array is a collection of elements stored in contiguous memory.",
        "question": "what is an array"
    },
    {
        "answer": "Fabless semiconductor companies",
        "question": "fabless semiconductor companies"
    },
    {
        "answer": "SEO stands for Search Engine Optimization, which improves the visibility of a website.",
        "question": "what is seo"
    },
    {
        "answer": "Telecommunications companies of the United States",
        "question": "telecommunications companies of the united states"
    },
    {
        "answer": "Outline of engineering The scientific discipline and profession that applies scientific theories, mathematical methods...",
        "question": "outline of engineering the scientific discipline and profession that applies scientific theories mathematical methods"
    },
    {
        "answer": "Practice daily, read code from others, and work on real projects.",
        "question": "how can i improve my programming skills"
    },
    {
        "answer": "An interpreter executes code directly without prior compilation.",
        "question": "what is an interpreter"
    },
    {
        "answer": "Programming languages with an ISO standard",
        "question": "programming languages with an iso standard"
    },
    {
        "answer": "Version control tracks changes to files and allows multiple people to work on them concurrently.",
        "question": "what is version control"
    },
    {
        "answer": "\"The Internet\" (Room 104) A 2017 television episode.",
        "question": "the internet room 104 a 2017 television episode"
    },
    {
        "answer": "Docker is a platform for developing, shipping, and running applications in containers.",
        "question": "what is docker"
    },
    {
        "answer": "Try freewriting, changing your environment, or taking a short break.",
        "question": "how do i overcome writers block"
    },
    {
        "answer": "Programming is the process of writing instructions for computers.",
        "question": "what is programming"
    },
    {
        "answer": "C++ is a high-performance programming language used for system/software development.",
        "question": "what is c"
    },
    {
        "answer": "HSA Foundation - The HSA Foundation is a not-for-profit engineering organization of industry and academia that works on the development of the Heterogeneous System Architecture, a set of royalty-free computer hardware specifications, as well as open source software development tools needed to use HSA features in...",
        "question": "hsa foundation  the hsa foundation is a notforprofit engineering organization of industry and academia that works on the development of the heterogeneous system architecture a set of royaltyfree computer hardware specifications as well as open source software development tools needed to use hsa features in"
    },
    {
        "answer": "Sleep is essential for physical recovery, mental health, and overall well-being.",
        "question": "why is sleep important"
    },
    {
        "answer": "National Association of Watch and Clock Collectors &nbsp;– NAWCC (United States).",
        "question": "national association of watch and clock collectors nbsp– nawcc united states"
    },
    {
        "answer": "Meditation is a practice to focus the mind and achieve mental clarity.",
        "question": "what is meditation"
    },
    {
        "answer": "Engineering (constituency) A functional constituency in the elections for the Legislative Council of Hong Kong first created...",
        "question": "engineering constituency a functional constituency in the elections for the legislative council of hong kong first created"
    },
    {
        "answer": "Healthy eating involves a balanced diet rich in fruits, vegetables, and whole grains.",
        "question": "what is healthy eating"
    },
    {
        "answer": "A data scientist analyzes and interprets complex data to help inform business decisions.",
        "question": "what is the role of a data scientist"
    },
    {
        "answer": "Scripting languages",
        "question": "scripting languages"
    },
    {
        "answer": "UI/UX design focuses on creating user-friendly and aesthetically pleasing interfaces.",
        "question": "what is uiux design"
    },
    {
        "answer": "Time Category",
        "question": "time category"
    },
    {
        "answer": "A career is an occupation or profession that a person engages in for a significant period of their life.",
        "question": "what is a career"
    },
    {
        "answer": "AMD Generic Encapsulated Software Architecture (AGESA).",
        "question": "amd generic encapsulated software architecture agesa"
    },
    {
        "answer": "Advanced Micro Devices technologies",
        "question": "advanced micro devices technologies"
    },
    {
        "answer": "Online education delivers learning content via the internet.",
        "question": "what is online education"
    },
    {
        "answer": "A novel is a long fictional narrative that explores characters and themes.",
        "question": "what is a novel"
    },
    {
        "answer": "Algorithm complexity measures the efficiency of an algorithm in terms of time and space.",
        "question": "what is algorithm complexity"
    },
    {
        "answer": "Computer hardware companies",
        "question": "computer hardware companies"
    },
    {
        "answer": "Data mining is the process of discovering patterns and knowledge from large data sets.",
        "question": "what is data mining"
    },
    {
        "answer": "ARM architecture family A family of RISC instruction set architectures for computer processors.",
        "question": "arm architecture family a family of risc instruction set architectures for computer processors"
    },
    {
        "answer": "Perception",
        "question": "perception"
    },
    {
        "answer": "Qualcomm Category",
        "question": "qualcomm category"
    },
    {
        "answer": "Data science involves extracting insights and knowledge from data using various techniques.",
        "question": "what is data science"
    },
    {
        "answer": "Multinational companies headquartered in the United States",
        "question": "multinational companies headquartered in the united states"
    },
    {
        "answer": "Loschmidt's paradox - In physics, Loschmidt's paradox, also known as the reversibility paradox, irreversibility paradox, or Umkehreinwand, is the objection that it should not be possible to deduce an irreversible process from time-symmetric dynamics.",
        "question": "loschmidts paradox  in physics loschmidts paradox also known as the reversibility paradox irreversibility paradox or umkehreinwand is the objection that it should not be possible to deduce an irreversible process from timesymmetric dynamics"
    },
    {
        "answer": "Java is a popular, versatile, object-oriented programming language.",
        "question": "what is java"
    },
    {
        "answer": "Adopt healthy habits such as regular exercise, a balanced diet, and sufficient sleep.",
        "question": "how can i improve my lifestyle"
    },
    {
        "answer": "Prototype-based programming languages",
        "question": "prototypebased programming languages"
    },
    {
        "answer": "Deutsche Gesellschaft für Chronometrie &nbsp;– DGC (Germany).",
        "question": "deutsche gesellschaft für chronometrie nbsp– dgc germany"
    },
    {
        "answer": "x86 assembly language - x86 Assembly Language is a family of backward-compatible assembly languages, which provide some level of compatibility all the way back to the Intel 8008 introduced in April 1972. x86 assembly languages are used to produce object code for the x86 class of processors.",
        "question": "x86 assembly language  x86 assembly language is a family of backwardcompatible assembly languages which provide some level of compatibility all the way back to the intel 8008 introduced in april 1972 x86 assembly languages are used to produce object code for the x86 class of processors"
    },
    {
        "answer": "Time is the continuous progression of existence that occurs in an apparently irreversible succession from the past, through the present, and into the future. It is a component quantity of various measurements used to sequence events, to compare the duration of events, and to quantify rates of change of quantities in material reality or in the conscious experience. Time is often referred to as a fourth dimension, along with three spatial dimensions. Time is one of the seven fundamental physical quantities in both the International System of Units and International System of Quantities. The SI base unit of time is the second, which is defined by measuring the electronic transition frequency of caesium atoms. General relativity is the primary framework for understanding how spacetime works. Through advances in both theoretical and experimental investigations of spacetime, it has been shown that time can be distorted and dilated, particularly at the edges of black holes.",
        "question": "time"
    },
    {
        "answer": "Air India The flag carrier of India with its main hub at Indira Gandhi International Airport in Delhi, and...",
        "question": "air india the flag carrier of india with its main hub at indira gandhi international airport in delhi and"
    },
    {
        "answer": "Practice regularly, read widely, and seek constructive feedback.",
        "question": "how can i improve my writing skills"
    },
    {
        "answer": "Debugging is the process of identifying and fixing errors in software.",
        "question": "what is debugging"
    },
    {
        "answer": "GitHub is a platform for hosting and collaborating on Git repositories.",
        "question": "what is github"
    },
    {
        "answer": "Cryptocurrency is a digital asset that uses cryptography for secure transactions.",
        "question": "what is cryptocurrency"
    },
    {
        "answer": "Agile development is an iterative approach that emphasizes flexibility and customer feedback.",
        "question": "what is agile development"
    },
    {
        "answer": "Armenia A landlocked country in the Armenian Highlands of West Asia.",
        "question": "armenia a landlocked country in the armenian highlands of west asia"
    },
    {
        "answer": "Machine learning uses algorithms to learn patterns from data.",
        "question": "what is machine learning"
    },
    {
        "answer": "Intel products",
        "question": "intel products"
    },
    {
        "answer": "Writing is the process of expressing thoughts, ideas, or stories in written form.",
        "question": "what is writing"
    },
    {
        "answer": "SQL is a language for managing and querying relational databases.",
        "question": "what is sql"
    }
]
